<?xml version='1.0' encoding='UTF-8'?>
<faces-config version="2.2"
              xmlns="http://xmlns.jcp.org/xml/ns/javaee"
              xmlns:xsi="http://www.w3.org/2001/XMLSchema-instance"
              xsi:schemaLocation="http://xmlns.jcp.org/xml/ns/javaee http://xmlns.jcp.org/xml/ns/javaee/web-facesconfig_2_2.xsd">
              
    <resource-bundle>
        <base-name>primefaces.bundles</base-name>
        <var>language</var>
    </resource-bundle>

    <!-- Login -->          
    <managed-bean>
        <description>Login Managed bean</description>
        <managed-bean-name>Login</managed-bean-name>
        <managed-bean-class>primefaces.login.Login</managed-bean-class>        
        <managed-bean-scope>session</managed-bean-scope>
    </managed-bean>
    
    <!-- Login -->          
    <managed-bean>
        <description>Language Selection Managed bean</description>
        <managed-bean-name>LanguageSelection</managed-bean-name>
        <managed-bean-class>primefaces.login.LanguageSelection</managed-bean-class>        
        <managed-bean-scope>session</managed-bean-scope>
    </managed-bean>
    
    <!-- Login -->          
    <managed-bean>
        <description>Sign up Managed bean1</description>
        <managed-bean-name>Signup</managed-bean-name>
        <managed-bean-class>primefaces.login.SignUp</managed-bean-class>        
        <managed-bean-scope>session</managed-bean-scope>
    </managed-bean>
    
    <navigation-rule>
        <navigation-case>
            <from-outcome>login_successful</from-outcome>
            <to-view-id>/pages/home.xhtml</to-view-id>
            <redirect />
        </navigation-case>
        
        <navigation-case>
            <from-outcome>signup_successful</from-outcome>
            <to-view-id>/pages/firstTimeLoginRegistration.xhtml</to-view-id>
            <redirect />
        </navigation-case>
    </navigation-rule>

</faces-config>
